{
  "Name": "Azure DevOps Deployment - system-assigned managed identity",
  "IsCustom": true,
  "Description": "For Azure Managed Identity deployment only.",
  "Actions": [
  ],
  "NotActions": [
    "Microsoft.Authorization/*/Delete",
    "Microsoft.Authorization/*/Write",
    "Microsoft.Authorization/elevateAccess/Action",
    "Microsoft.Network/expressRouteCircuits/delete",
    "Microsoft.Network/expressRouteCircuits/peerings/connections/delete",
    "Microsoft.Network/expressRouteCircuits/peerings/connections/write",
    "Microsoft.Network/expressRouteCircuits/peerings/delete",
    "Microsoft.Network/expressRouteCircuits/peerings/write",
    "Microsoft.Network/expressRouteCircuits/write",
    "Microsoft.Network/expressRouteCrossConnections/peerings/delete",
    "Microsoft.Network/expressRouteCrossConnections/peerings/write",
    "Microsoft.Network/expressRouteGateways/expressRouteConnections/delete",
    "Microsoft.Network/expressRouteGateways/expressRouteConnections/write",
    "Microsoft.Network/expressRoutePorts/delete",
    "Microsoft.Network/expressRoutePorts/write",
    "Microsoft.Network/localnetworkgateways/delete",
    "Microsoft.Network/localnetworkgateways/write",
    "Microsoft.Network/virtualHubs/delete",
    "Microsoft.Network/virtualHubs/hubVirtualNetworkConnections/delete",
    "Microsoft.Network/virtualHubs/hubVirtualNetworkConnections/write",
    "Microsoft.Network/virtualHubs/write",
    "Microsoft.Network/virtualNetworkGateways/delete",
    "Microsoft.Network/virtualNetworkGateways/delete",
    "Microsoft.Network/virtualNetworkGateways/write",
    "Microsoft.Network/virtualNetworkGateways/write",
    "Microsoft.Network/virtualNetworks/delete",
    "Microsoft.Network/virtualNetworks/virtualNetworkPeerings/delete",
    "Microsoft.Network/virtualNetworks/virtualNetworkPeerings/write",
    "Microsoft.Network/virtualNetworks/write",
    "Microsoft.Network/virtualNetworkTaps/delete",
    "Microsoft.Network/virtualNetworkTaps/write",
    "Microsoft.Network/virtualWans/delete",
    "Microsoft.Network/virtualWans/write",
    "Microsoft.Network/vpnGateways/delete",
    "Microsoft.Network/vpnGateways/vpnConnections/delete",
    "Microsoft.Network/vpnGateways/vpnConnections/write",
    "Microsoft.Network/vpnGateways/write",
    "Microsoft.Network/vpnsites/delete",
    "Microsoft.Network/vpnsites/write",
    "Microsoft.Security/*/Delete",
    "Microsoft.Security/*/Write",
    "Microsoft.Compute/virtualMachines/write",
    "Microsoft.Sql/managedInstances/databases/currentSensitivityLabels/*",
    "Microsoft.Sql/managedInstances/databases/recommendedSensitivityLabels/*",
    "Microsoft.Sql/managedInstances/databases/schemas/tables/columns/sensitivityLabels/*",
    "Microsoft.Sql/managedInstances/databases/securityAlertPolicies/*",
    "Microsoft.Sql/managedInstances/databases/sensitivityLabels/*",
    "Microsoft.Sql/managedInstances/databases/vulnerabilityAssessments/*",
    "Microsoft.Sql/managedInstances/securityAlertPolicies/*",
    "Microsoft.Sql/managedInstances/vulnerabilityAssessments/*",
    "Microsoft.Sql/servers/databases/auditingPolicies/*",
    "Microsoft.Sql/servers/databases/auditingSettings/*",
    "Microsoft.Sql/servers/databases/auditRecords/read",
    "Microsoft.Sql/servers/databases/connectionPolicies/*",
    "Microsoft.Sql/servers/databases/currentSensitivityLabels/*",
    "Microsoft.Sql/servers/databases/dataMaskingPolicies/*",
    "Microsoft.Sql/servers/databases/extendedAuditingSettings/*",
    "Microsoft.Sql/servers/databases/recommendedSensitivityLabels/*",
    "Microsoft.Sql/servers/databases/schemas/tables/columns/sensitivityLabels/*",
    "Microsoft.Sql/servers/databases/securityMetrics/*",
    "Microsoft.Sql/servers/databases/sensitivityLabels/*",
    "Microsoft.Sql/servers/databases/vulnerabilityAssessments/*",
    "Microsoft.Sql/servers/databases/vulnerabilityAssessmentScans/*",
    "Microsoft.Sql/servers/databases/vulnerabilityAssessmentSettings/*",
    "Microsoft.Sql/servers/vulnerabilityAssessments/*"
  ],
  "DataActions": [
    "Microsoft.EventHub/*",
    "Microsoft.Insights/Metrics/Write",
    "Microsoft.Storage/storageAccounts/blobServices/containers/blobs/delete",
    "Microsoft.Storage/storageAccounts/blobServices/containers/blobs/read",
    "Microsoft.Storage/storageAccounts/blobServices/containers/blobs/write",
    "Microsoft.Storage/storageAccounts/blobServices/containers/blobs/*",
    "Microsoft.Storage/storageAccounts/blobServices/containers/blobs/read",
    "Microsoft.Storage/storageAccounts/fileServices/fileshares/files/read",
    "Microsoft.Storage/storageAccounts/fileServices/fileshares/files/write",
    "Microsoft.Storage/storageAccounts/fileServices/fileshares/files/delete",
    "Microsoft.Storage/storageAccounts/fileServices/fileshares/files/read",
    "Microsoft.Storage/storageAccounts/fileServices/fileshares/files/write",
    "Microsoft.Storage/storageAccounts/fileServices/fileshares/files/delete",
    "Microsoft.Storage/storageAccounts/fileServices/fileshares/files/modifypermissions/action"
  ],
  "NotDataActions": [],
  "AssignableScopes": [
    "/subscriptions/c6e005c4-b5a3-450d-af71-4732b55d4471"
  ]
}