{
    "Name": "GCC-Azure-Automation",
    "IsCustom": true,
    "Description": "GCCI Azure Automation POC",
    "Actions": [
        "Microsoft.Automation/automationAccounts/read",
        "Microsoft.Automation/automationAccounts/variables/write",
        "Microsoft.Automation/automationAccounts/schedules/write",
        "Microsoft.Automation/automationAccounts/runbooks/write",
        "Microsoft.Automation/automationAccounts/connections/write",
        "Microsoft.Automation/automationAccounts/certificates/write",
        "Microsoft.Automation/automationAccounts/modules/write",
        "Microsoft.Automation/automationAccounts/modules/read",
        "Microsoft.automation/automationAccounts/jobSchedules/write",
        "Microsoft.Automation/automationAccounts/jobs/write",
        "Microsoft.Automation/automationAccounts/jobs/read",
        "Microsoft.OperationsManagement/solutions/write",
        "Microsoft.OperationalInsights/workspaces/*",
        "Microsoft.Insights/diagnosticSettings/write",
        "Microsoft.Insights/ActionGroups/Write",
        "Microsoft.Insights/ActionGroups/read",
        "Microsoft.Resources/subscriptions/resourceGroups/read",
        "Microsoft.Resources/deployments/*"
    ],
    "NotActions": [],
    "DataActions": [],
    "NotDataActions": [],
    "AssignableScopes": [
      "/subscriptions/c6e005c4-b5a3-450d-af71-4732b55d4471"
    ]
  }